path,superclass,subclass,resolution,image_id,label,patient_id
data/images/aca_bd/aca_bd_20x_0.jpg,aca,bd,20x,0,0,5
data/images/aca_bd/aca_bd_20x_1.jpg,aca,bd,20x,1,0,5
data/images/aca_bd/aca_bd_20x_10.jpg,aca,bd,20x,10,0,5
data/images/aca_bd/aca_bd_20x_12.jpg,aca,bd,20x,12,0,6
data/images/aca_bd/aca_bd_20x_13.jpg,aca,bd,20x,13,0,6
data/images/aca_bd/aca_bd_20x_14.jpg,aca,bd,20x,14,0,6
data/images/aca_bd/aca_bd_20x_15.jpg,aca,bd,20x,15,0,6
data/images/aca_bd/aca_bd_20x_16.jpg,aca,bd,20x,16,0,6
data/images/aca_bd/aca_bd_20x_17.jpg,aca,bd,20x,17,0,6
data/images/aca_bd/aca_bd_20x_18.jpg,aca,bd,20x,18,0,6
data/images/aca_bd/aca_bd_20x_19.jpg,aca,bd,20x,19,0,6
data/images/aca_bd/aca_bd_20x_2.jpg,aca,bd,20x,2,0,5
data/images/aca_bd/aca_bd_20x_20.jpg,aca,bd,20x,20,0,6
data/images/aca_bd/aca_bd_20x_21.jpg,aca,bd,20x,21,0,7
data/images/aca_bd/aca_bd_20x_22.jpg,aca,bd,20x,22,0,7
data/images/aca_bd/aca_bd_20x_23.jpg,aca,bd,20x,23,0,7
data/images/aca_bd/aca_bd_20x_24.jpg,aca,bd,20x,24,0,7
data/images/aca_bd/aca_bd_20x_25.jpg,aca,bd,20x,25,0,7
data/images/aca_bd/aca_bd_20x_26.jpg,aca,bd,20x,26,0,7
data/images/aca_bd/aca_bd_20x_27.jpg,aca,bd,20x,27,0,7
data/images/aca_bd/aca_bd_20x_28.jpg,aca,bd,20x,28,0,7
data/images/aca_bd/aca_bd_20x_29.jpg,aca,bd,20x,29,0,7
data/images/aca_bd/aca_bd_20x_3.jpg,aca,bd,20x,3,0,5
data/images/aca_bd/aca_bd_20x_30.jpg,aca,bd,20x,30,0,7
data/images/aca_bd/aca_bd_20x_301.jpg,aca,bd,20x,301,0,12
data/images/aca_bd/aca_bd_20x_302.jpg,aca,bd,20x,302,0,12
data/images/aca_bd/aca_bd_20x_303.jpg,aca,bd,20x,303,0,12
data/images/aca_bd/aca_bd_20x_304.jpg,aca,bd,20x,304,0,12
data/images/aca_bd/aca_bd_20x_305.jpg,aca,bd,20x,305,0,12
data/images/aca_bd/aca_bd_20x_31.jpg,aca,bd,20x,31,0,7
data/images/aca_bd/aca_bd_20x_32.jpg,aca,bd,20x,32,0,7
data/images/aca_bd/aca_bd_20x_33.jpg,aca,bd,20x,33,0,7
data/images/aca_bd/aca_bd_20x_34.jpg,aca,bd,20x,34,0,7
data/images/aca_bd/aca_bd_20x_35.jpg,aca,bd,20x,35,0,7
data/images/aca_bd/aca_bd_20x_37.jpg,aca,bd,20x,37,0,7
data/images/aca_bd/aca_bd_20x_38.jpg,aca,bd,20x,38,0,7
data/images/aca_bd/aca_bd_20x_39.jpg,aca,bd,20x,39,0,7
data/images/aca_bd/aca_bd_20x_4.jpg,aca,bd,20x,4,0,5
data/images/aca_bd/aca_bd_20x_40.jpg,aca,bd,20x,40,0,7
data/images/aca_bd/aca_bd_20x_401.jpg,aca,bd,20x,401,0,13
data/images/aca_bd/aca_bd_20x_402.jpg,aca,bd,20x,402,0,13
data/images/aca_bd/aca_bd_20x_403.jpg,aca,bd,20x,403,0,13
data/images/aca_bd/aca_bd_20x_404.jpg,aca,bd,20x,404,0,13
data/images/aca_bd/aca_bd_20x_405.jpg,aca,bd,20x,405,0,13
data/images/aca_bd/aca_bd_20x_42.jpg,aca,bd,20x,42,0,8
data/images/aca_bd/aca_bd_20x_5.jpg,aca,bd,20x,5,0,5
data/images/aca_bd/aca_bd_20x_6.jpg,aca,bd,20x,6,0,5
data/images/aca_bd/aca_bd_20x_60.jpg,aca,bd,20x,60,0,9
data/images/aca_bd/aca_bd_20x_61.jpg,aca,bd,20x,61,0,9
data/images/aca_bd/aca_bd_20x_62.jpg,aca,bd,20x,62,0,9
data/images/aca_bd/aca_bd_20x_7.jpg,aca,bd,20x,7,0,5
data/images/aca_bd/aca_bd_20x_8.jpg,aca,bd,20x,8,0,5
data/images/aca_bd/aca_bd_20x_9.jpg,aca,bd,20x,9,0,5
data/images/aca_bd/aca_bd_20x_901.jpg,aca,bd,20x,901,0,1
data/images/aca_bd/aca_bd_20x_903.jpg,aca,bd,20x,903,0,1
data/images/aca_bd/aca_bd_20x_904.jpg,aca,bd,20x,904,0,1
data/images/aca_bd/aca_bd_20x_905.jpg,aca,bd,20x,905,0,1
data/images/aca_bd/aca_bd_40x_11.jpg,aca,bd,40x,11,0,6
data/images/aca_bd/aca_bd_40x_12.jpg,aca,bd,40x,12,0,6
data/images/aca_bd/aca_bd_40x_13.jpg,aca,bd,40x,13,0,6
data/images/aca_bd/aca_bd_40x_14.jpg,aca,bd,40x,14,0,6
data/images/aca_bd/aca_bd_40x_16.jpg,aca,bd,40x,16,0,6
data/images/aca_bd/aca_bd_40x_17.jpg,aca,bd,40x,17,0,6
data/images/aca_bd/aca_bd_40x_18.jpg,aca,bd,40x,18,0,6
data/images/aca_bd/aca_bd_40x_20.jpg,aca,bd,40x,20,0,6
data/images/aca_bd/aca_bd_40x_200.jpg,aca,bd,40x,200,0,10
data/images/aca_bd/aca_bd_40x_201.jpg,aca,bd,40x,201,0,10
data/images/aca_bd/aca_bd_40x_202.jpg,aca,bd,40x,202,0,10
data/images/aca_bd/aca_bd_40x_203.jpg,aca,bd,40x,203,0,10
data/images/aca_bd/aca_bd_40x_204.jpg,aca,bd,40x,204,0,10
data/images/aca_bd/aca_bd_40x_205.jpg,aca,bd,40x,205,0,10
data/images/aca_bd/aca_bd_40x_301.jpg,aca,bd,40x,301,0,12
data/images/aca_bd/aca_bd_40x_302.jpg,aca,bd,40x,302,0,12
data/images/aca_bd/aca_bd_40x_303.jpg,aca,bd,40x,303,0,12
data/images/aca_bd/aca_bd_40x_304.jpg,aca,bd,40x,304,0,12
data/images/aca_bd/aca_bd_40x_305.jpg,aca,bd,40x,305,0,12
data/images/aca_bd/aca_bd_40x_401.jpg,aca,bd,40x,401,0,13
data/images/aca_bd/aca_bd_40x_402.jpg,aca,bd,40x,402,0,13
data/images/aca_bd/aca_bd_40x_403.jpg,aca,bd,40x,403,0,13
data/images/aca_bd/aca_bd_40x_404.jpg,aca,bd,40x,404,0,13
data/images/aca_bd/aca_bd_40x_405.jpg,aca,bd,40x,405,0,13
data/images/aca_bd/aca_bd_40x_50.jpg,aca,bd,40x,50,0,11
data/images/aca_bd/aca_bd_40x_51.jpg,aca,bd,40x,51,0,11
data/images/aca_bd/aca_bd_40x_52.jpg,aca,bd,40x,52,0,11
data/images/aca_bd/aca_bd_40x_53.jpg,aca,bd,40x,53,0,11
data/images/aca_bd/aca_bd_40x_54.jpg,aca,bd,40x,54,0,11
data/images/aca_bd/aca_bd_40x_55.jpg,aca,bd,40x,55,0,11
data/images/aca_bd/aca_bd_40x_58.jpg,aca,bd,40x,58,0,11
data/images/aca_bd/aca_bd_40x_64.jpg,aca,bd,40x,64,0,9
data/images/aca_bd/aca_bd_40x_65.jpg,aca,bd,40x,65,0,9
data/images/aca_bd/aca_bd_40x_66.jpg,aca,bd,40x,66,0,9
data/images/aca_bd/aca_bd_40x_67.jpg,aca,bd,40x,67,0,9
data/images/aca_bd/aca_bd_40x_68.jpg,aca,bd,40x,68,0,9
data/images/aca_bd/aca_bd_40x_69.jpg,aca,bd,40x,69,0,9
data/images/aca_bd/aca_bd_40x_70.jpg,aca,bd,40x,70,0,9
data/images/aca_bd/aca_bd_40x_71.jpg,aca,bd,40x,71,0,9
data/images/aca_bd/aca_bd_40x_72.jpg,aca,bd,40x,72,0,9
data/images/aca_bd/aca_bd_40x_73.jpg,aca,bd,40x,73,0,9
data/images/aca_bd/aca_bd_40x_901.jpg,aca,bd,40x,901,0,1
data/images/aca_bd/aca_bd_40x_902.jpg,aca,bd,40x,902,0,1
data/images/aca_bd/aca_bd_40x_903.jpg,aca,bd,40x,903,0,1
data/images/aca_bd/aca_bd_40x_904.jpg,aca,bd,40x,904,0,1
data/images/aca_bd/aca_bd_40x_905.jpg,aca,bd,40x,905,0,1
data/images/aca_md/aca_md_20x_0.jpg,aca,md,20x,0,0,14
data/images/aca_md/aca_md_20x_1.jpg,aca,md,20x,1,0,14
data/images/aca_md/aca_md_20x_10.jpg,aca,md,20x,10,0,14
data/images/aca_md/aca_md_20x_124.jpg,aca,md,20x,124,0,15
data/images/aca_md/aca_md_20x_2.jpg,aca,md,20x,2,0,14
data/images/aca_md/aca_md_20x_20.jpg,aca,md,20x,20,0,14
data/images/aca_md/aca_md_20x_3.jpg,aca,md,20x,3,0,14
data/images/aca_md/aca_md_20x_301.jpg,aca,md,20x,301,0,12
data/images/aca_md/aca_md_20x_302.jpg,aca,md,20x,302,0,12
data/images/aca_md/aca_md_20x_303.jpg,aca,md,20x,303,0,12
data/images/aca_md/aca_md_20x_304.jpg,aca,md,20x,304,0,12
data/images/aca_md/aca_md_20x_305.jpg,aca,md,20x,305,0,12
data/images/aca_md/aca_md_20x_306.jpg,aca,md,20x,306,0,12
data/images/aca_md/aca_md_20x_4.jpg,aca,md,20x,4,0,14
data/images/aca_md/aca_md_20x_401.jpg,aca,md,20x,401,0,13
data/images/aca_md/aca_md_20x_402.jpg,aca,md,20x,402,0,13
data/images/aca_md/aca_md_20x_403.jpg,aca,md,20x,403,0,13
data/images/aca_md/aca_md_20x_404.jpg,aca,md,20x,404,0,13
data/images/aca_md/aca_md_20x_405.jpg,aca,md,20x,405,0,13
data/images/aca_md/aca_md_20x_41.jpg,aca,md,20x,41,0,8
data/images/aca_md/aca_md_20x_5.jpg,aca,md,20x,5,0,14
data/images/aca_md/aca_md_20x_6.jpg,aca,md,20x,6,0,14
data/images/aca_md/aca_md_20x_7.jpg,aca,md,20x,7,0,14
data/images/aca_md/aca_md_20x_70.jpg,aca,md,20x,70,0,16
data/images/aca_md/aca_md_20x_71.jpg,aca,md,20x,71,0,16
data/images/aca_md/aca_md_20x_72.jpg,aca,md,20x,72,0,16
data/images/aca_md/aca_md_20x_73.jpg,aca,md,20x,73,0,16
data/images/aca_md/aca_md_20x_74.jpg,aca,md,20x,74,0,16
data/images/aca_md/aca_md_20x_75.jpg,aca,md,20x,75,0,16
data/images/aca_md/aca_md_20x_76.jpg,aca,md,20x,76,0,16
data/images/aca_md/aca_md_20x_77.jpg,aca,md,20x,77,0,16
data/images/aca_md/aca_md_20x_78.jpg,aca,md,20x,78,0,16
data/images/aca_md/aca_md_20x_79.jpg,aca,md,20x,79,0,16
data/images/aca_md/aca_md_20x_8.jpg,aca,md,20x,8,0,14
data/images/aca_md/aca_md_20x_80.jpg,aca,md,20x,80,0,16
data/images/aca_md/aca_md_20x_81.jpg,aca,md,20x,81,0,16
data/images/aca_md/aca_md_20x_82.jpg,aca,md,20x,82,0,16
data/images/aca_md/aca_md_20x_83.jpg,aca,md,20x,83,0,16
data/images/aca_md/aca_md_20x_9.jpg,aca,md,20x,9,0,16
data/images/aca_md/aca_md_20x_901.jpg,aca,md,20x,901,0,3
data/images/aca_md/aca_md_20x_902.jpg,aca,md,20x,902,0,3
data/images/aca_md/aca_md_20x_903.jpg,aca,md,20x,903,0,2
data/images/aca_md/aca_md_20x_904.jpg,aca,md,20x,904,0,2
data/images/aca_md/aca_md_20x_905.jpg,aca,md,20x,905,0,2
data/images/aca_md/aca_md_40x_100.jpg,aca,md,40x,100,0,16
data/images/aca_md/aca_md_40x_101.jpg,aca,md,40x,101,0,16
data/images/aca_md/aca_md_40x_102.jpg,aca,md,40x,102,0,16
data/images/aca_md/aca_md_40x_103.jpg,aca,md,40x,103,0,16
data/images/aca_md/aca_md_40x_104.jpg,aca,md,40x,104,0,16
data/images/aca_md/aca_md_40x_120.jpg,aca,md,40x,120,0,15
data/images/aca_md/aca_md_40x_121.jpg,aca,md,40x,121,0,15
data/images/aca_md/aca_md_40x_122.jpg,aca,md,40x,122,0,15
data/images/aca_md/aca_md_40x_123.jpg,aca,md,40x,123,0,15
data/images/aca_md/aca_md_40x_125.jpg,aca,md,40x,125,0,15
data/images/aca_md/aca_md_40x_126.jpg,aca,md,40x,126,0,15
data/images/aca_md/aca_md_40x_302.jpg,aca,md,40x,302,0,12
data/images/aca_md/aca_md_40x_303.jpg,aca,md,40x,303,0,12
data/images/aca_md/aca_md_40x_304.jpg,aca,md,40x,304,0,12
data/images/aca_md/aca_md_40x_305.jpg,aca,md,40x,305,0,12
data/images/aca_md/aca_md_40x_306.jpg,aca,md,40x,306,0,12
data/images/aca_md/aca_md_40x_401.jpg,aca,md,40x,401,0,13
data/images/aca_md/aca_md_40x_402.jpg,aca,md,40x,402,0,13
data/images/aca_md/aca_md_40x_403.jpg,aca,md,40x,403,0,13
data/images/aca_md/aca_md_40x_404.jpg,aca,md,40x,404,0,13
data/images/aca_md/aca_md_40x_405.jpg,aca,md,40x,405,0,13
data/images/aca_md/aca_md_40x_59.jpg,aca,md,40x,59,0,17
data/images/aca_md/aca_md_40x_60.jpg,aca,md,40x,60,0,17
data/images/aca_md/aca_md_40x_61.jpg,aca,md,40x,61,0,17
data/images/aca_md/aca_md_40x_62.jpg,aca,md,40x,62,0,17
data/images/aca_md/aca_md_40x_63.jpg,aca,md,40x,63,0,17
data/images/aca_md/aca_md_40x_84.jpg,aca,md,40x,84,0,16
data/images/aca_md/aca_md_40x_85.jpg,aca,md,40x,85,0,16
data/images/aca_md/aca_md_40x_86.jpg,aca,md,40x,86,0,16
data/images/aca_md/aca_md_40x_87.jpg,aca,md,40x,87,0,16
data/images/aca_md/aca_md_40x_88.jpg,aca,md,40x,88,0,16
data/images/aca_md/aca_md_40x_89.jpg,aca,md,40x,89,0,16
data/images/aca_md/aca_md_40x_90.jpg,aca,md,40x,90,0,16
data/images/aca_md/aca_md_40x_901.jpg,aca,md,40x,901,0,2
data/images/aca_md/aca_md_40x_902.jpg,aca,md,40x,902,0,2
data/images/aca_md/aca_md_40x_903.jpg,aca,md,40x,903,0,2
data/images/aca_md/aca_md_40x_904.jpg,aca,md,40x,904,0,2
data/images/aca_md/aca_md_40x_905.jpg,aca,md,40x,905,0,2
data/images/aca_md/aca_md_40x_91.jpg,aca,md,40x,91,0,16
data/images/aca_md/aca_md_40x_92.jpg,aca,md,40x,92,0,16
data/images/aca_md/aca_md_40x_93.jpg,aca,md,40x,93,0,16
data/images/aca_md/aca_md_40x_94.jpg,aca,md,40x,94,0,16
data/images/aca_md/aca_md_40x_95.jpg,aca,md,40x,95,0,16
data/images/aca_md/aca_md_40x_96.jpg,aca,md,40x,96,0,16
data/images/aca_md/aca_md_40x_97.jpg,aca,md,40x,97,0,16
data/images/aca_md/aca_md_40x_98.jpg,aca,md,40x,98,0,16
data/images/aca_pd/aca_pd_20x_1.jpg,aca,pd,20x,1,0,14
data/images/aca_pd/aca_pd_20x_10.jpg,aca,pd,20x,10,0,14
data/images/aca_pd/aca_pd_20x_11.jpg,aca,pd,20x,11,0,6
data/images/aca_pd/aca_pd_20x_12.jpg,aca,pd,20x,12,0,6
data/images/aca_pd/aca_pd_20x_13.jpg,aca,pd,20x,13,0,6
data/images/aca_pd/aca_pd_20x_14.jpg,aca,pd,20x,14,0,6
data/images/aca_pd/aca_pd_20x_15.jpg,aca,pd,20x,15,0,6
data/images/aca_pd/aca_pd_20x_16.jpg,aca,pd,20x,16,0,6
data/images/aca_pd/aca_pd_20x_2.jpg,aca,pd,20x,2,0,14
data/images/aca_pd/aca_pd_20x_20.jpg,aca,pd,20x,20,0,14
data/images/aca_pd/aca_pd_20x_3.jpg,aca,pd,20x,3,0,14
data/images/aca_pd/aca_pd_20x_30.jpg,aca,pd,20x,30,0,8
data/images/aca_pd/aca_pd_20x_301.jpg,aca,pd,20x,301,0,20
data/images/aca_pd/aca_pd_20x_302.jpg,aca,pd,20x,302,0,20
data/images/aca_pd/aca_pd_20x_303.jpg,aca,pd,20x,303,0,20
data/images/aca_pd/aca_pd_20x_304.jpg,aca,pd,20x,304,0,20
data/images/aca_pd/aca_pd_20x_305.jpg,aca,pd,20x,305,0,20
data/images/aca_pd/aca_pd_20x_31.jpg,aca,pd,20x,31,0,8
data/images/aca_pd/aca_pd_20x_32.jpg,aca,pd,20x,32,0,8
data/images/aca_pd/aca_pd_20x_33.jpg,aca,pd,20x,33,0,8
data/images/aca_pd/aca_pd_20x_34.jpg,aca,pd,20x,34,0,8
data/images/aca_pd/aca_pd_20x_35.jpg,aca,pd,20x,35,0,8
data/images/aca_pd/aca_pd_20x_36.jpg,aca,pd,20x,36,0,8
data/images/aca_pd/aca_pd_20x_37.jpg,aca,pd,20x,37,0,8
data/images/aca_pd/aca_pd_20x_38.jpg,aca,pd,20x,38,0,8
data/images/aca_pd/aca_pd_20x_39.jpg,aca,pd,20x,39,0,8
data/images/aca_pd/aca_pd_20x_401.jpg,aca,pd,20x,401,0,13
data/images/aca_pd/aca_pd_20x_402.jpg,aca,pd,20x,402,0,13
data/images/aca_pd/aca_pd_20x_403.jpg,aca,pd,20x,403,0,13
data/images/aca_pd/aca_pd_20x_404.jpg,aca,pd,20x,404,0,13
data/images/aca_pd/aca_pd_20x_405.jpg,aca,pd,20x,405,0,13
data/images/aca_pd/aca_pd_20x_5.jpg,aca,pd,20x,5,0,14
data/images/aca_pd/aca_pd_20x_50.jpg,aca,pd,20x,50,0,18
data/images/aca_pd/aca_pd_20x_52.jpg,aca,pd,20x,52,0,18
data/images/aca_pd/aca_pd_20x_53.jpg,aca,pd,20x,53,0,18
data/images/aca_pd/aca_pd_20x_54.jpg,aca,pd,20x,54,0,18
data/images/aca_pd/aca_pd_20x_6.jpg,aca,pd,20x,6,0,14
data/images/aca_pd/aca_pd_20x_7.jpg,aca,pd,20x,7,0,14
data/images/aca_pd/aca_pd_20x_8.jpg,aca,pd,20x,8,0,14
data/images/aca_pd/aca_pd_20x_9.jpg,aca,pd,20x,9,0,14
data/images/aca_pd/aca_pd_20x_901.jpg,aca,pd,20x,901,0,4
data/images/aca_pd/aca_pd_20x_902.jpg,aca,pd,20x,902,0,4
data/images/aca_pd/aca_pd_20x_903.jpg,aca,pd,20x,903,0,4
data/images/aca_pd/aca_pd_20x_904.jpg,aca,pd,20x,904,0,4
data/images/aca_pd/aca_pd_20x_905.jpg,aca,pd,20x,905,0,4
data/images/aca_pd/aca_pd_40x_20.jpg,aca,pd,40x,20,0,8
data/images/aca_pd/aca_pd_40x_21.jpg,aca,pd,40x,21,0,8
data/images/aca_pd/aca_pd_40x_22.jpg,aca,pd,40x,22,0,8
data/images/aca_pd/aca_pd_40x_23.jpg,aca,pd,40x,23,0,8
data/images/aca_pd/aca_pd_40x_24.jpg,aca,pd,40x,24,0,8
data/images/aca_pd/aca_pd_40x_25.jpg,aca,pd,40x,25,0,8
data/images/aca_pd/aca_pd_40x_26.jpg,aca,pd,40x,26,0,8
data/images/aca_pd/aca_pd_40x_301.jpg,aca,pd,40x,301,0,20
data/images/aca_pd/aca_pd_40x_302.jpg,aca,pd,40x,302,0,20
data/images/aca_pd/aca_pd_40x_303.jpg,aca,pd,40x,303,0,20
data/images/aca_pd/aca_pd_40x_304.jpg,aca,pd,40x,304,0,20
data/images/aca_pd/aca_pd_40x_305.jpg,aca,pd,40x,305,0,21
data/images/aca_pd/aca_pd_40x_306.jpg,aca,pd,40x,306,0,21
data/images/aca_pd/aca_pd_40x_31.jpg,aca,pd,40x,31,0,8
data/images/aca_pd/aca_pd_40x_32.jpg,aca,pd,40x,32,0,8
data/images/aca_pd/aca_pd_40x_33.jpg,aca,pd,40x,33,0,8
data/images/aca_pd/aca_pd_40x_34.jpg,aca,pd,40x,34,0,8
data/images/aca_pd/aca_pd_40x_35.jpg,aca,pd,40x,35,0,8
data/images/aca_pd/aca_pd_40x_36.jpg,aca,pd,40x,36,0,8
data/images/aca_pd/aca_pd_40x_37.jpg,aca,pd,40x,37,0,8
data/images/aca_pd/aca_pd_40x_401.jpg,aca,pd,40x,401,0,13
data/images/aca_pd/aca_pd_40x_402.jpg,aca,pd,40x,402,0,13
data/images/aca_pd/aca_pd_40x_403.jpg,aca,pd,40x,403,0,13
data/images/aca_pd/aca_pd_40x_404.jpg,aca,pd,40x,404,0,13
data/images/aca_pd/aca_pd_40x_405.jpg,aca,pd,40x,405,0,13
data/images/aca_pd/aca_pd_40x_64.jpg,aca,pd,40x,64,0,17
data/images/aca_pd/aca_pd_40x_65.jpg,aca,pd,40x,65,0,19
data/images/aca_pd/aca_pd_40x_66.jpg,aca,pd,40x,66,0,19
data/images/aca_pd/aca_pd_40x_67.jpg,aca,pd,40x,67,0,19
data/images/aca_pd/aca_pd_40x_68.jpg,aca,pd,40x,68,0,19
data/images/aca_pd/aca_pd_40x_69.jpg,aca,pd,40x,69,0,19
data/images/aca_pd/aca_pd_40x_70.jpg,aca,pd,40x,70,0,18
data/images/aca_pd/aca_pd_40x_71.jpg,aca,pd,40x,71,0,18
data/images/aca_pd/aca_pd_40x_72.jpg,aca,pd,40x,72,0,18
data/images/aca_pd/aca_pd_40x_73.jpg,aca,pd,40x,73,0,18
data/images/aca_pd/aca_pd_40x_74.jpg,aca,pd,40x,74,0,18
data/images/aca_pd/aca_pd_40x_901.jpg,aca,pd,40x,901,0,4
data/images/aca_pd/aca_pd_40x_902.jpg,aca,pd,40x,902,0,4
data/images/aca_pd/aca_pd_40x_903.jpg,aca,pd,40x,903,0,4
data/images/aca_pd/aca_pd_40x_904.jpg,aca,pd,40x,904,0,4
data/images/aca_pd/aca_pd_40x_905.jpg,aca,pd,40x,905,0,4
data/images/aca_pd/aca_pd_40x_99.jpg,aca,pd,40x,99,0,16
data/images/nor/nor_20x_1.jpg,nor,,20x,1,1,6
data/images/nor/nor_20x_10.jpg,nor,,20x,10,1,6
data/images/nor/nor_20x_11.jpg,nor,,20x,11,1,14
data/images/nor/nor_20x_12.jpg,nor,,20x,12,1,14
data/images/nor/nor_20x_13.jpg,nor,,20x,13,1,14
data/images/nor/nor_20x_14.jpg,nor,,20x,14,1,14
data/images/nor/nor_20x_15.jpg,nor,,20x,15,1,14
data/images/nor/nor_20x_16.jpg,nor,,20x,16,1,14
data/images/nor/nor_20x_17.jpg,nor,,20x,17,1,14
data/images/nor/nor_20x_18.jpg,nor,,20x,18,1,14
data/images/nor/nor_20x_19.jpg,nor,,20x,19,1,14
data/images/nor/nor_20x_2.jpg,nor,,20x,2,1,6
data/images/nor/nor_20x_20.jpg,nor,,20x,20,1,14
data/images/nor/nor_20x_21.jpg,nor,,20x,21,1,41
data/images/nor/nor_20x_22.jpg,nor,,20x,22,1,41
data/images/nor/nor_20x_23.jpg,nor,,20x,23,1,41
data/images/nor/nor_20x_24.jpg,nor,,20x,24,1,41
data/images/nor/nor_20x_25.jpg,nor,,20x,25,1,41
data/images/nor/nor_20x_26.jpg,nor,,20x,26,1,41
data/images/nor/nor_20x_27.jpg,nor,,20x,27,1,41
data/images/nor/nor_20x_28.jpg,nor,,20x,28,1,41
data/images/nor/nor_20x_29.jpg,nor,,20x,29,1,41
data/images/nor/nor_20x_3.jpg,nor,,20x,3,1,6
data/images/nor/nor_20x_30.jpg,nor,,20x,30,1,41
data/images/nor/nor_20x_301.jpg,nor,,20x,301,1,12
data/images/nor/nor_20x_302.jpg,nor,,20x,302,1,12
data/images/nor/nor_20x_303.jpg,nor,,20x,303,1,12
data/images/nor/nor_20x_304.jpg,nor,,20x,304,1,21
data/images/nor/nor_20x_305.jpg,nor,,20x,305,1,21
data/images/nor/nor_20x_31.jpg,nor,,20x,31,1,31
data/images/nor/nor_20x_32.jpg,nor,,20x,32,1,31
data/images/nor/nor_20x_33.jpg,nor,,20x,33,1,31
data/images/nor/nor_20x_34.jpg,nor,,20x,34,1,31
data/images/nor/nor_20x_35.jpg,nor,,20x,35,1,31
data/images/nor/nor_20x_36.jpg,nor,,20x,36,1,31
data/images/nor/nor_20x_37.jpg,nor,,20x,37,1,31
data/images/nor/nor_20x_38.jpg,nor,,20x,38,1,31
data/images/nor/nor_20x_39.jpg,nor,,20x,39,1,31
data/images/nor/nor_20x_4.jpg,nor,,20x,4,1,6
data/images/nor/nor_20x_40.jpg,nor,,20x,40,1,31
data/images/nor/nor_20x_401.jpg,nor,,20x,401,1,44
data/images/nor/nor_20x_402.jpg,nor,,20x,402,1,44
data/images/nor/nor_20x_403.jpg,nor,,20x,403,1,44
data/images/nor/nor_20x_404.jpg,nor,,20x,404,1,44
data/images/nor/nor_20x_41.jpg,nor,,20x,41,1,31
data/images/nor/nor_20x_42.jpg,nor,,20x,42,1,31
data/images/nor/nor_20x_43.jpg,nor,,20x,43,1,31
data/images/nor/nor_20x_44.jpg,nor,,20x,44,1,31
data/images/nor/nor_20x_45.jpg,nor,,20x,45,1,31
data/images/nor/nor_20x_47.jpg,nor,,20x,47,1,31
data/images/nor/nor_20x_48.jpg,nor,,20x,48,1,31
data/images/nor/nor_20x_49.jpg,nor,,20x,49,1,31
data/images/nor/nor_20x_5.jpg,nor,,20x,5,1,6
data/images/nor/nor_20x_50.jpg,nor,,20x,50,1,31
data/images/nor/nor_20x_51.jpg,nor,,20x,51,1,7
data/images/nor/nor_20x_52.jpg,nor,,20x,52,1,7
data/images/nor/nor_20x_53.jpg,nor,,20x,53,1,7
data/images/nor/nor_20x_54.jpg,nor,,20x,54,1,7
data/images/nor/nor_20x_55.jpg,nor,,20x,55,1,7
data/images/nor/nor_20x_56.jpg,nor,,20x,56,1,7
data/images/nor/nor_20x_57.jpg,nor,,20x,57,1,7
data/images/nor/nor_20x_58.jpg,nor,,20x,58,1,7
data/images/nor/nor_20x_59.jpg,nor,,20x,59,1,7
data/images/nor/nor_20x_6.jpg,nor,,20x,6,1,6
data/images/nor/nor_20x_60.jpg,nor,,20x,60,1,7
data/images/nor/nor_20x_61.jpg,nor,,20x,61,1,17
data/images/nor/nor_20x_62.jpg,nor,,20x,62,1,17
data/images/nor/nor_20x_63.jpg,nor,,20x,63,1,17
data/images/nor/nor_20x_64.jpg,nor,,20x,64,1,17
data/images/nor/nor_20x_65.jpg,nor,,20x,65,1,17
data/images/nor/nor_20x_66.jpg,nor,,20x,66,1,17
data/images/nor/nor_20x_67.jpg,nor,,20x,67,1,17
data/images/nor/nor_20x_68.jpg,nor,,20x,68,1,17
data/images/nor/nor_20x_69.jpg,nor,,20x,69,1,42
data/images/nor/nor_20x_7.jpg,nor,,20x,7,1,6
data/images/nor/nor_20x_70.jpg,nor,,20x,70,1,42
data/images/nor/nor_20x_71.jpg,nor,,20x,71,1,42
data/images/nor/nor_20x_72.jpg,nor,,20x,72,1,42
data/images/nor/nor_20x_8.jpg,nor,,20x,8,1,6
data/images/nor/nor_20x_9.jpg,nor,,20x,9,1,6
data/images/nor/nor_20x_901.jpg,nor,,20x,901,1,45
data/images/nor/nor_20x_902.jpg,nor,,20x,902,1,45
data/images/nor/nor_20x_903.jpg,nor,,20x,903,1,45
data/images/nor/nor_20x_904.jpg,nor,,20x,904,1,45
data/images/nor/nor_20x_905.jpg,nor,,20x,905,1,45
data/images/nor/nor_40x_1.jpg,nor,,40x,1,1,6
data/images/nor/nor_40x_10.jpg,nor,,40x,10,1,6
data/images/nor/nor_40x_100.jpg,nor,,40x,100,1,17
data/images/nor/nor_40x_101.jpg,nor,,40x,101,1,17
data/images/nor/nor_40x_11.jpg,nor,,40x,11,1,14
data/images/nor/nor_40x_12.jpg,nor,,40x,12,1,14
data/images/nor/nor_40x_13.jpg,nor,,40x,13,1,14
data/images/nor/nor_40x_14.jpg,nor,,40x,14,1,14
data/images/nor/nor_40x_15.jpg,nor,,40x,15,1,14
data/images/nor/nor_40x_16.jpg,nor,,40x,16,1,14
data/images/nor/nor_40x_17.jpg,nor,,40x,17,1,14
data/images/nor/nor_40x_18.jpg,nor,,40x,18,1,14
data/images/nor/nor_40x_19.jpg,nor,,40x,19,1,14
data/images/nor/nor_40x_2.jpg,nor,,40x,2,1,6
data/images/nor/nor_40x_20.jpg,nor,,40x,20,1,14
data/images/nor/nor_40x_21.jpg,nor,,40x,21,1,14
data/images/nor/nor_40x_22.jpg,nor,,40x,22,1,14
data/images/nor/nor_40x_23.jpg,nor,,40x,23,1,14
data/images/nor/nor_40x_24.jpg,nor,,40x,24,1,14
data/images/nor/nor_40x_25.jpg,nor,,40x,25,1,14
data/images/nor/nor_40x_26.jpg,nor,,40x,26,1,14
data/images/nor/nor_40x_27.jpg,nor,,40x,27,1,14
data/images/nor/nor_40x_28.jpg,nor,,40x,28,1,14
data/images/nor/nor_40x_29.jpg,nor,,40x,29,1,14
data/images/nor/nor_40x_3.jpg,nor,,40x,3,1,6
data/images/nor/nor_40x_30.jpg,nor,,40x,30,1,14
data/images/nor/nor_40x_301.jpg,nor,,40x,301,1,12
data/images/nor/nor_40x_302.jpg,nor,,40x,302,1,12
data/images/nor/nor_40x_303.jpg,nor,,40x,303,1,12
data/images/nor/nor_40x_304.jpg,nor,,40x,304,1,21
data/images/nor/nor_40x_305.jpg,nor,,40x,305,1,21
data/images/nor/nor_40x_4.jpg,nor,,40x,4,1,6
data/images/nor/nor_40x_401.jpg,nor,,40x,401,1,44
data/images/nor/nor_40x_402.jpg,nor,,40x,402,1,44
data/images/nor/nor_40x_403.jpg,nor,,40x,403,1,44
data/images/nor/nor_40x_404.jpg,nor,,40x,404,1,44
data/images/nor/nor_40x_5.jpg,nor,,40x,5,1,6
data/images/nor/nor_40x_6.jpg,nor,,40x,6,1,6
data/images/nor/nor_40x_7.jpg,nor,,40x,7,1,6
data/images/nor/nor_40x_8.jpg,nor,,40x,8,1,6
data/images/nor/nor_40x_80.jpg,nor,,40x,80,1,17
data/images/nor/nor_40x_81.jpg,nor,,40x,81,1,11
data/images/nor/nor_40x_82.jpg,nor,,40x,82,1,11
data/images/nor/nor_40x_83.jpg,nor,,40x,83,1,11
data/images/nor/nor_40x_84.jpg,nor,,40x,84,1,11
data/images/nor/nor_40x_85.jpg,nor,,40x,85,1,11
data/images/nor/nor_40x_86.jpg,nor,,40x,86,1,11
data/images/nor/nor_40x_87.jpg,nor,,40x,87,1,11
data/images/nor/nor_40x_88.jpg,nor,,40x,88,1,17
data/images/nor/nor_40x_89.jpg,nor,,40x,89,1,11
data/images/nor/nor_40x_9.jpg,nor,,40x,9,1,6
data/images/nor/nor_40x_90.jpg,nor,,40x,90,1,43
data/images/nor/nor_40x_901.jpg,nor,,40x,901,1,45
data/images/nor/nor_40x_902.jpg,nor,,40x,902,1,45
data/images/nor/nor_40x_903.jpg,nor,,40x,903,1,45
data/images/nor/nor_40x_904.jpg,nor,,40x,904,1,45
data/images/nor/nor_40x_905.jpg,nor,,40x,905,1,45
data/images/nor/nor_40x_91.jpg,nor,,40x,91,1,43
data/images/nor/nor_40x_92.jpg,nor,,40x,92,1,43
data/images/nor/nor_40x_93.jpg,nor,,40x,93,1,43
data/images/nor/nor_40x_94.jpg,nor,,40x,94,1,43
data/images/nor/nor_40x_95.jpg,nor,,40x,95,1,17
data/images/nor/nor_40x_96.jpg,nor,,40x,96,1,17
data/images/nor/nor_40x_97.jpg,nor,,40x,97,1,17
data/images/nor/nor_40x_98.jpg,nor,,40x,98,1,17
data/images/nor/nor_40x_99.jpg,nor,,40x,99,1,17
data/images/scc_bd/scc_bd_20x_301.jpg,scc,bd,20x,301,2,21
data/images/scc_bd/scc_bd_20x_302.jpg,scc,bd,20x,302,2,21
data/images/scc_bd/scc_bd_20x_303.jpg,scc,bd,20x,303,2,21
data/images/scc_bd/scc_bd_20x_304.jpg,scc,bd,20x,304,2,21
data/images/scc_bd/scc_bd_20x_305.jpg,scc,bd,20x,305,2,21
data/images/scc_bd/scc_bd_20x_34.jpg,scc,bd,20x,34,2,25
data/images/scc_bd/scc_bd_20x_35.jpg,scc,bd,20x,35,2,25
data/images/scc_bd/scc_bd_20x_36.jpg,scc,bd,20x,36,2,25
data/images/scc_bd/scc_bd_20x_37.jpg,scc,bd,20x,37,2,25
data/images/scc_bd/scc_bd_20x_38.jpg,scc,bd,20x,38,2,25
data/images/scc_bd/scc_bd_20x_39.jpg,scc,bd,20x,39,2,25
data/images/scc_bd/scc_bd_20x_40.jpg,scc,bd,20x,40,2,25
data/images/scc_bd/scc_bd_20x_401.jpg,scc,bd,20x,401,2,28
data/images/scc_bd/scc_bd_20x_402.jpg,scc,bd,20x,402,2,28
data/images/scc_bd/scc_bd_20x_403.jpg,scc,bd,20x,403,2,28
data/images/scc_bd/scc_bd_20x_404.jpg,scc,bd,20x,404,2,28
data/images/scc_bd/scc_bd_20x_405.jpg,scc,bd,20x,405,2,28
data/images/scc_bd/scc_bd_20x_41.jpg,scc,bd,20x,41,2,25
data/images/scc_bd/scc_bd_20x_42.jpg,scc,bd,20x,42,2,26
data/images/scc_bd/scc_bd_20x_43.jpg,scc,bd,20x,43,2,26
data/images/scc_bd/scc_bd_20x_44.jpg,scc,bd,20x,44,2,26
data/images/scc_bd/scc_bd_20x_45.jpg,scc,bd,20x,45,2,26
data/images/scc_bd/scc_bd_20x_46.jpg,scc,bd,20x,46,2,26
data/images/scc_bd/scc_bd_20x_47.jpg,scc,bd,20x,47,2,26
data/images/scc_bd/scc_bd_20x_48.jpg,scc,bd,20x,48,2,26
data/images/scc_bd/scc_bd_20x_49.jpg,scc,bd,20x,49,2,26
data/images/scc_bd/scc_bd_20x_5.jpg,scc,bd,20x,5,2,26
data/images/scc_bd/scc_bd_20x_50.jpg,scc,bd,20x,50,2,26
data/images/scc_bd/scc_bd_20x_62.jpg,scc,bd,20x,62,2,27
data/images/scc_bd/scc_bd_20x_63.jpg,scc,bd,20x,63,2,27
data/images/scc_bd/scc_bd_20x_64.jpg,scc,bd,20x,64,2,27
data/images/scc_bd/scc_bd_20x_65.jpg,scc,bd,20x,65,2,27
data/images/scc_bd/scc_bd_20x_66.jpg,scc,bd,20x,66,2,27
data/images/scc_bd/scc_bd_20x_67.jpg,scc,bd,20x,67,2,27
data/images/scc_bd/scc_bd_20x_68.jpg,scc,bd,20x,68,2,27
data/images/scc_bd/scc_bd_20x_69.jpg,scc,bd,20x,69,2,27
data/images/scc_bd/scc_bd_20x_70.jpg,scc,bd,20x,70,2,27
data/images/scc_bd/scc_bd_20x_71.jpg,scc,bd,20x,71,2,27
data/images/scc_bd/scc_bd_20x_72.jpg,scc,bd,20x,72,2,27
data/images/scc_bd/scc_bd_20x_74.jpg,scc,bd,20x,74,2,18
data/images/scc_bd/scc_bd_20x_80.jpg,scc,bd,20x,80,2,28
data/images/scc_bd/scc_bd_20x_81.jpg,scc,bd,20x,81,2,28
data/images/scc_bd/scc_bd_20x_82.jpg,scc,bd,20x,82,2,28
data/images/scc_bd/scc_bd_20x_83.jpg,scc,bd,20x,83,2,29
data/images/scc_bd/scc_bd_20x_84.jpg,scc,bd,20x,84,2,29
data/images/scc_bd/scc_bd_20x_901.jpg,scc,bd,20x,901,2,23
data/images/scc_bd/scc_bd_20x_902.jpg,scc,bd,20x,902,2,23
data/images/scc_bd/scc_bd_20x_903.jpg,scc,bd,20x,903,2,23
data/images/scc_bd/scc_bd_20x_904.jpg,scc,bd,20x,904,2,23
data/images/scc_bd/scc_bd_20x_905.jpg,scc,bd,20x,905,2,23
data/images/scc_bd/scc_bd_40x_10.jpg,scc,bd,40x,10,2,26
data/images/scc_bd/scc_bd_40x_27.jpg,scc,bd,40x,27,2,25
data/images/scc_bd/scc_bd_40x_28.jpg,scc,bd,40x,28,2,25
data/images/scc_bd/scc_bd_40x_29.jpg,scc,bd,40x,29,2,25
data/images/scc_bd/scc_bd_40x_30.jpg,scc,bd,40x,30,2,25
data/images/scc_bd/scc_bd_40x_301.jpg,scc,bd,40x,301,2,21
data/images/scc_bd/scc_bd_40x_302.jpg,scc,bd,40x,302,2,21
data/images/scc_bd/scc_bd_40x_303.jpg,scc,bd,40x,303,2,21
data/images/scc_bd/scc_bd_40x_304.jpg,scc,bd,40x,304,2,21
data/images/scc_bd/scc_bd_40x_305.jpg,scc,bd,40x,305,2,21
data/images/scc_bd/scc_bd_40x_31.jpg,scc,bd,40x,31,2,25
data/images/scc_bd/scc_bd_40x_32.jpg,scc,bd,40x,32,2,25
data/images/scc_bd/scc_bd_40x_33.jpg,scc,bd,40x,33,2,25
data/images/scc_bd/scc_bd_40x_34.jpg,scc,bd,40x,34,2,25
data/images/scc_bd/scc_bd_40x_35.jpg,scc,bd,40x,35,2,25
data/images/scc_bd/scc_bd_40x_36.jpg,scc,bd,40x,36,2,25
data/images/scc_bd/scc_bd_40x_37.jpg,scc,bd,40x,37,2,25
data/images/scc_bd/scc_bd_40x_38.jpg,scc,bd,40x,38,2,25
data/images/scc_bd/scc_bd_40x_39.jpg,scc,bd,40x,39,2,25
data/images/scc_bd/scc_bd_40x_40.jpg,scc,bd,40x,40,2,25
data/images/scc_bd/scc_bd_40x_401.jpg,scc,bd,40x,401,2,28
data/images/scc_bd/scc_bd_40x_402.jpg,scc,bd,40x,402,2,28
data/images/scc_bd/scc_bd_40x_403.jpg,scc,bd,40x,403,2,28
data/images/scc_bd/scc_bd_40x_404.jpg,scc,bd,40x,404,2,28
data/images/scc_bd/scc_bd_40x_405.jpg,scc,bd,40x,405,2,28
data/images/scc_bd/scc_bd_40x_41.jpg,scc,bd,40x,41,2,25
data/images/scc_bd/scc_bd_40x_42.jpg,scc,bd,40x,42,2,26
data/images/scc_bd/scc_bd_40x_43.jpg,scc,bd,40x,43,2,26
data/images/scc_bd/scc_bd_40x_44.jpg,scc,bd,40x,44,2,26
data/images/scc_bd/scc_bd_40x_45.jpg,scc,bd,40x,45,2,26
data/images/scc_bd/scc_bd_40x_46.jpg,scc,bd,40x,46,2,26
data/images/scc_bd/scc_bd_40x_47.jpg,scc,bd,40x,47,2,26
data/images/scc_bd/scc_bd_40x_48.jpg,scc,bd,40x,48,2,26
data/images/scc_bd/scc_bd_40x_49.jpg,scc,bd,40x,49,2,26
data/images/scc_bd/scc_bd_40x_50.jpg,scc,bd,40x,50,2,26
data/images/scc_bd/scc_bd_40x_73.jpg,scc,bd,40x,73,2,30
data/images/scc_bd/scc_bd_40x_80.jpg,scc,bd,40x,80,2,29
data/images/scc_bd/scc_bd_40x_81.jpg,scc,bd,40x,81,2,29
data/images/scc_bd/scc_bd_40x_82.jpg,scc,bd,40x,82,2,28
data/images/scc_bd/scc_bd_40x_83.jpg,scc,bd,40x,83,2,28
data/images/scc_bd/scc_bd_40x_84.jpg,scc,bd,40x,84,2,28
data/images/scc_bd/scc_bd_40x_85.jpg,scc,bd,40x,85,2,28
data/images/scc_bd/scc_bd_40x_86.jpg,scc,bd,40x,86,2,28
data/images/scc_bd/scc_bd_40x_87.jpg,scc,bd,40x,87,2,28
data/images/scc_bd/scc_bd_40x_901.jpg,scc,bd,40x,901,2,22
data/images/scc_bd/scc_bd_40x_902.jpg,scc,bd,40x,902,2,22
data/images/scc_bd/scc_bd_40x_903.jpg,scc,bd,40x,903,2,22
data/images/scc_bd/scc_bd_40x_904.jpg,scc,bd,40x,904,2,22
data/images/scc_bd/scc_bd_40x_905.jpg,scc,bd,40x,905,2,22
data/images/scc_md/scc_md_20x_201.jpg,scc,md,20x,201,2,30
data/images/scc_md/scc_md_20x_22.jpg,scc,md,20x,22,2,31
data/images/scc_md/scc_md_20x_23.jpg,scc,md,20x,23,2,31
data/images/scc_md/scc_md_20x_24.jpg,scc,md,20x,24,2,31
data/images/scc_md/scc_md_20x_25.jpg,scc,md,20x,25,2,31
data/images/scc_md/scc_md_20x_26.jpg,scc,md,20x,26,2,31
data/images/scc_md/scc_md_20x_28.jpg,scc,md,20x,28,2,31
data/images/scc_md/scc_md_20x_29.jpg,scc,md,20x,29,2,31
data/images/scc_md/scc_md_20x_301.jpg,scc,md,20x,301,2,36
data/images/scc_md/scc_md_20x_302.jpg,scc,md,20x,302,2,36
data/images/scc_md/scc_md_20x_303.jpg,scc,md,20x,303,2,36
data/images/scc_md/scc_md_20x_304.jpg,scc,md,20x,304,2,36
data/images/scc_md/scc_md_20x_305.jpg,scc,md,20x,305,2,36
data/images/scc_md/scc_md_20x_401.jpg,scc,md,20x,401,2,37
data/images/scc_md/scc_md_20x_402.jpg,scc,md,20x,402,2,37
data/images/scc_md/scc_md_20x_403.jpg,scc,md,20x,403,2,37
data/images/scc_md/scc_md_20x_404.jpg,scc,md,20x,404,2,37
data/images/scc_md/scc_md_20x_405.jpg,scc,md,20x,405,2,37
data/images/scc_md/scc_md_20x_51.jpg,scc,md,20x,51,2,32
data/images/scc_md/scc_md_20x_52.jpg,scc,md,20x,52,2,32
data/images/scc_md/scc_md_20x_53.jpg,scc,md,20x,53,2,32
data/images/scc_md/scc_md_20x_54.jpg,scc,md,20x,54,2,32
data/images/scc_md/scc_md_20x_60.jpg,scc,md,20x,60,2,33
data/images/scc_md/scc_md_20x_61.jpg,scc,md,20x,61,2,33
data/images/scc_md/scc_md_20x_62.jpg,scc,md,20x,62,2,33
data/images/scc_md/scc_md_20x_901.jpg,scc,md,20x,901,2,24
data/images/scc_md/scc_md_20x_902.jpg,scc,md,20x,902,2,24
data/images/scc_md/scc_md_20x_903.jpg,scc,md,20x,903,2,24
data/images/scc_md/scc_md_20x_904.jpg,scc,md,20x,904,2,24
data/images/scc_md/scc_md_20x_905.jpg,scc,md,20x,905,2,24
data/images/scc_md/scc_md_40x_301.jpg,scc,md,40x,301,2,36
data/images/scc_md/scc_md_40x_302.jpg,scc,md,40x,302,2,36
data/images/scc_md/scc_md_40x_303.jpg,scc,md,40x,303,2,36
data/images/scc_md/scc_md_40x_304.jpg,scc,md,40x,304,2,36
data/images/scc_md/scc_md_40x_305.jpg,scc,md,40x,305,2,36
data/images/scc_md/scc_md_40x_33.jpg,scc,md,40x,33,2,34
data/images/scc_md/scc_md_40x_34.jpg,scc,md,40x,34,2,34
data/images/scc_md/scc_md_40x_35.jpg,scc,md,40x,35,2,34
data/images/scc_md/scc_md_40x_4.jpg,scc,md,40x,4,2,34
data/images/scc_md/scc_md_40x_401.jpg,scc,md,40x,401,2,37
data/images/scc_md/scc_md_40x_402.jpg,scc,md,40x,402,2,37
data/images/scc_md/scc_md_40x_403.jpg,scc,md,40x,403,2,37
data/images/scc_md/scc_md_40x_404.jpg,scc,md,40x,404,2,37
data/images/scc_md/scc_md_40x_405.jpg,scc,md,40x,405,2,37
data/images/scc_md/scc_md_40x_52.jpg,scc,md,40x,52,2,32
data/images/scc_md/scc_md_40x_53.jpg,scc,md,40x,53,2,32
data/images/scc_md/scc_md_40x_54.jpg,scc,md,40x,54,2,32
data/images/scc_md/scc_md_40x_55.jpg,scc,md,40x,55,2,32
data/images/scc_md/scc_md_40x_6.jpg,scc,md,40x,6,2,32
data/images/scc_md/scc_md_40x_63.jpg,scc,md,40x,63,2,33
data/images/scc_md/scc_md_40x_64.jpg,scc,md,40x,64,2,33
data/images/scc_md/scc_md_40x_65.jpg,scc,md,40x,65,2,33
data/images/scc_md/scc_md_40x_66.jpg,scc,md,40x,66,2,33
data/images/scc_md/scc_md_40x_67.jpg,scc,md,40x,67,2,33
data/images/scc_md/scc_md_40x_68.jpg,scc,md,40x,68,2,33
data/images/scc_md/scc_md_40x_69.jpg,scc,md,40x,69,2,33
data/images/scc_md/scc_md_40x_70.jpg,scc,md,40x,70,2,33
data/images/scc_md/scc_md_40x_71.jpg,scc,md,40x,71,2,35
data/images/scc_md/scc_md_40x_72.jpg,scc,md,40x,72,2,29
data/images/scc_md/scc_md_40x_73.jpg,scc,md,40x,73,2,29
data/images/scc_md/scc_md_40x_74.jpg,scc,md,40x,74,2,29
data/images/scc_md/scc_md_40x_901.jpg,scc,md,40x,901,2,24
data/images/scc_md/scc_md_40x_902.jpg,scc,md,40x,902,2,24
data/images/scc_md/scc_md_40x_903.jpg,scc,md,40x,903,2,24
data/images/scc_md/scc_md_40x_904.jpg,scc,md,40x,904,2,24
data/images/scc_md/scc_md_40x_905.jpg,scc,md,40x,905,2,24
data/images/scc_pd/scc_pd_20x_1.jpg,scc,pd,20x,1,2,38
data/images/scc_pd/scc_pd_20x_10.jpg,scc,pd,20x,10,2,38
data/images/scc_pd/scc_pd_20x_11.jpg,scc,pd,20x,11,2,38
data/images/scc_pd/scc_pd_20x_12.jpg,scc,pd,20x,12,2,38
data/images/scc_pd/scc_pd_20x_13.jpg,scc,pd,20x,13,2,38
data/images/scc_pd/scc_pd_20x_14.jpg,scc,pd,20x,14,2,38
data/images/scc_pd/scc_pd_20x_15.jpg,scc,pd,20x,15,2,38
data/images/scc_pd/scc_pd_20x_16.jpg,scc,pd,20x,16,2,38
data/images/scc_pd/scc_pd_20x_17.jpg,scc,pd,20x,17,2,38
data/images/scc_pd/scc_pd_20x_18.jpg,scc,pd,20x,18,2,38
data/images/scc_pd/scc_pd_20x_2.jpg,scc,pd,20x,2,2,38
data/images/scc_pd/scc_pd_20x_200.jpg,scc,pd,20x,200,2,30
data/images/scc_pd/scc_pd_20x_3.jpg,scc,pd,20x,3,2,38
data/images/scc_pd/scc_pd_20x_301.jpg,scc,pd,20x,301,2,40
data/images/scc_pd/scc_pd_20x_302.jpg,scc,pd,20x,302,2,40
data/images/scc_pd/scc_pd_20x_304.jpg,scc,pd,20x,304,2,40
data/images/scc_pd/scc_pd_20x_305.jpg,scc,pd,20x,305,2,40
data/images/scc_pd/scc_pd_20x_31.jpg,scc,pd,20x,31,2,39
data/images/scc_pd/scc_pd_20x_32.jpg,scc,pd,20x,32,2,39
data/images/scc_pd/scc_pd_20x_33.jpg,scc,pd,20x,33,2,39
data/images/scc_pd/scc_pd_20x_4.jpg,scc,pd,20x,4,2,38
data/images/scc_pd/scc_pd_20x_401.jpg,scc,pd,20x,401,2,29
data/images/scc_pd/scc_pd_20x_402.jpg,scc,pd,20x,402,2,29
data/images/scc_pd/scc_pd_20x_403.jpg,scc,pd,20x,403,2,29
data/images/scc_pd/scc_pd_20x_404.jpg,scc,pd,20x,404,2,29
data/images/scc_pd/scc_pd_20x_405.jpg,scc,pd,20x,405,2,29
data/images/scc_pd/scc_pd_20x_5.jpg,scc,pd,20x,5,2,38
data/images/scc_pd/scc_pd_20x_50.jpg,scc,pd,20x,50,2,29
data/images/scc_pd/scc_pd_20x_51.jpg,scc,pd,20x,51,2,29
data/images/scc_pd/scc_pd_20x_52.jpg,scc,pd,20x,52,2,29
data/images/scc_pd/scc_pd_20x_53.jpg,scc,pd,20x,53,2,29
data/images/scc_pd/scc_pd_20x_54.jpg,scc,pd,20x,54,2,29
data/images/scc_pd/scc_pd_20x_55.jpg,scc,pd,20x,55,2,29
data/images/scc_pd/scc_pd_20x_56.jpg,scc,pd,20x,56,2,29
data/images/scc_pd/scc_pd_20x_57.jpg,scc,pd,20x,57,2,29
data/images/scc_pd/scc_pd_20x_58.jpg,scc,pd,20x,58,2,29
data/images/scc_pd/scc_pd_20x_59.jpg,scc,pd,20x,59,2,29
data/images/scc_pd/scc_pd_20x_6.jpg,scc,pd,20x,6,2,38
data/images/scc_pd/scc_pd_20x_60.jpg,scc,pd,20x,60,2,29
data/images/scc_pd/scc_pd_20x_61.jpg,scc,pd,20x,61,2,29
data/images/scc_pd/scc_pd_20x_7.jpg,scc,pd,20x,7,2,38
data/images/scc_pd/scc_pd_20x_8.jpg,scc,pd,20x,8,2,38
data/images/scc_pd/scc_pd_20x_9.jpg,scc,pd,20x,9,2,38
data/images/scc_pd/scc_pd_20x_901.jpg,scc,pd,20x,901,2,24
data/images/scc_pd/scc_pd_20x_902.jpg,scc,pd,20x,902,2,24
data/images/scc_pd/scc_pd_20x_903.jpg,scc,pd,20x,903,2,24
data/images/scc_pd/scc_pd_20x_904.jpg,scc,pd,20x,904,2,24
data/images/scc_pd/scc_pd_20x_905.jpg,scc,pd,20x,905,2,24
data/images/scc_pd/scc_pd_40x_1.jpg,scc,pd,40x,1,2,38
data/images/scc_pd/scc_pd_40x_14.jpg,scc,pd,40x,14,2,38
data/images/scc_pd/scc_pd_40x_15.jpg,scc,pd,40x,15,2,38
data/images/scc_pd/scc_pd_40x_16.jpg,scc,pd,40x,16,2,38
data/images/scc_pd/scc_pd_40x_17.jpg,scc,pd,40x,17,2,38
data/images/scc_pd/scc_pd_40x_18.jpg,scc,pd,40x,18,2,31
data/images/scc_pd/scc_pd_40x_21.jpg,scc,pd,40x,21,2,31
data/images/scc_pd/scc_pd_40x_22.jpg,scc,pd,40x,22,2,31
data/images/scc_pd/scc_pd_40x_23.jpg,scc,pd,40x,23,2,31
data/images/scc_pd/scc_pd_40x_24.jpg,scc,pd,40x,24,2,31
data/images/scc_pd/scc_pd_40x_25.jpg,scc,pd,40x,25,2,31
data/images/scc_pd/scc_pd_40x_26.jpg,scc,pd,40x,26,2,34
data/images/scc_pd/scc_pd_40x_30.jpg,scc,pd,40x,30,2,34
data/images/scc_pd/scc_pd_40x_301.jpg,scc,pd,40x,301,2,40
data/images/scc_pd/scc_pd_40x_302.jpg,scc,pd,40x,302,2,40
data/images/scc_pd/scc_pd_40x_303.jpg,scc,pd,40x,303,2,40
data/images/scc_pd/scc_pd_40x_304.jpg,scc,pd,40x,304,2,40
data/images/scc_pd/scc_pd_40x_305.jpg,scc,pd,40x,305,2,40
data/images/scc_pd/scc_pd_40x_31.jpg,scc,pd,40x,31,2,34
data/images/scc_pd/scc_pd_40x_32.jpg,scc,pd,40x,32,2,34
data/images/scc_pd/scc_pd_40x_33.jpg,scc,pd,40x,33,2,34
data/images/scc_pd/scc_pd_40x_34.jpg,scc,pd,40x,34,2,34
data/images/scc_pd/scc_pd_40x_35.jpg,scc,pd,40x,35,2,34
data/images/scc_pd/scc_pd_40x_36.jpg,scc,pd,40x,36,2,34
data/images/scc_pd/scc_pd_40x_37.jpg,scc,pd,40x,37,2,34
data/images/scc_pd/scc_pd_40x_38.jpg,scc,pd,40x,38,2,34
data/images/scc_pd/scc_pd_40x_39.jpg,scc,pd,40x,39,2,34
data/images/scc_pd/scc_pd_40x_40.jpg,scc,pd,40x,40,2,34
data/images/scc_pd/scc_pd_40x_401.jpg,scc,pd,40x,401,2,29
data/images/scc_pd/scc_pd_40x_402.jpg,scc,pd,40x,402,2,29
data/images/scc_pd/scc_pd_40x_403.jpg,scc,pd,40x,403,2,29
data/images/scc_pd/scc_pd_40x_404.jpg,scc,pd,40x,404,2,29
data/images/scc_pd/scc_pd_40x_405.jpg,scc,pd,40x,405,2,29
data/images/scc_pd/scc_pd_40x_41.jpg,scc,pd,40x,41,2,34
data/images/scc_pd/scc_pd_40x_42.jpg,scc,pd,40x,42,2,34
data/images/scc_pd/scc_pd_40x_43.jpg,scc,pd,40x,43,2,34
data/images/scc_pd/scc_pd_40x_44.jpg,scc,pd,40x,44,2,34
data/images/scc_pd/scc_pd_40x_45.jpg,scc,pd,40x,45,2,34
data/images/scc_pd/scc_pd_40x_46.jpg,scc,pd,40x,46,2,34
data/images/scc_pd/scc_pd_40x_47.jpg,scc,pd,40x,47,2,34
data/images/scc_pd/scc_pd_40x_60.jpg,scc,pd,40x,60,2,29
data/images/scc_pd/scc_pd_40x_61.jpg,scc,pd,40x,61,2,29
data/images/scc_pd/scc_pd_40x_901.jpg,scc,pd,40x,901,2,24
data/images/scc_pd/scc_pd_40x_902.jpg,scc,pd,40x,902,2,24
data/images/scc_pd/scc_pd_40x_903.jpg,scc,pd,40x,903,2,24
data/images/scc_pd/scc_pd_40x_904.jpg,scc,pd,40x,904,2,24
data/images/scc_pd/scc_pd_40x_905.jpg,scc,pd,40x,905,2,24
